[
  {
    "id": "1001",
    "ranking": 1,
    "title": "노엘 갤러거 하이 플라잉 버즈",
    "bannerUrl": "",
    "url": "https://ticketimage.interpark.com/Play/image/large/23/23010643_p.gif",
    "place": "잠실 실내체육관",
    "period": "2023.11.27 ~2023.11.28",
    "price": "143,000원",
    "detail": "https://ticketimage.interpark.com/Play/image/etc/23/23010643-05.jpg"
  },
  {
    "id": "1002",
    "ranking": 2,
    "title": "〈불타는 트롯맨〉 TOP7 대구콘서트",
    "bannerUrl": "",
    "url": "https://ticketimage.interpark.com/Play/image/large/23/23011599_p.gif",
    "place": "엑스코 5층 컨벤션홀",
    "period": "2024.01.06 ~2024.01.07",
    "price": "154,000원",
    "detail": "https://ticketimage.interpark.com/Play/image/etc/23/23011599-01.jpg"
  },
  {
    "id": "1003",
    "ranking": 3,
    "title": "싸이흠뻑쇼 SUMMERSWAG2023 - 부산",
    "bannerUrl": "",
    "url": "https://ticketimage.interpark.com/Play/image/large/23/23007291_p.gif",
    "place": "부산 아시아드 보조경기장",
    "period": "2023.08.26 ~2023.08.27",
    "price": "154,000원",
    "detail": "https://ticketimage.interpark.com/Play/image/etc/23/23007291-05.jpg"
  },
  {
    "id": "1004",
    "ranking": 4,
    "title": "2023 이슬라이브 페스티벌",
    "bannerUrl": "",
    "url": "https://ticketimage.interpark.com/Play/image/large/23/23010762_p.gif",
    "place": "가평 자라섬 중도",
    "period": "2023.09.02",
    "price": "10,000원",
    "detail": "https://ticketimage.interpark.com/Play/image/etc/23/23010762-03.jpg"
  },
  {
    "id": "1005",
    "ranking": 5,
    "title": "2023 렛츠락 페스티벌",
    "bannerUrl": "",
    "url": "https://ticketimage.interpark.com/Play/image/large/23/23011408_p.gif",
    "place": "난지 한강공원 일대",
    "period": "2023.09.02 ~2023.09.03",
    "price": "99,000원",
    "detail": "https://ticketimage.interpark.com/Play/image/etc/23/23011408-02.jpg"
  },
  {
    "id": "1006",
    "ranking": 6,
    "title": "2023 김동률 콘서트 ‘Melody’",
    "bannerUrl": "",
    "url": "https://ticketimage.interpark.com/Play/image/large/23/23011026_p.gif",
    "place": "KSPO DOME (올림픽체조경기장)",
    "period": "2023.10.07 ~2023.10.15",
    "price": "176,000원",
    "detail": "https://ticketimage.interpark.com/Play/image/etc/23/23011026-02.jpg"
  },
  {
    "id": "1007",
    "ranking": 7,
    "title": "2023 검정치마 앵콜 공연",
    "bannerUrl": "",
    "url": "https://ticketimage.interpark.com/Play/image/large/23/23011003_p.gif",
    "place": "블루스퀘어 마스터카드홀",
    "period": "2023.08.25 ~2023.08.27",
    "price": " 115,000",
    "detail": "https://ticketimage.interpark.com/Play/image/etc/23/23011003-05.jpg"
  },
  {
    "id": "1008",
    "ranking": 8,
    "title": "박해미 뮤지컬갈라 〈FRIENDS〉 - 구리",
    "bannerUrl": "",
    "url": "https://ticketimage.interpark.com/Play/image/large/23/23011436_p.gif",
    "place": "구리아트홀 코스모스 대극장(자세히)",
    "period": "2023.09.16",
    "price": "30,000원",
    "detail": "https://ticketimage.interpark.com/Play/image/etc/23/23011436-03.jpg"
  },
  {
    "id": "1009",
    "ranking": 9,
    "title": "2023 영탁 단독 콘서트 〈TAK SHOW2: TAK’S WORLD〉",
    "bannerUrl": "",
    "url": "https://ticketimage.interpark.com/Play/image/large/23/23011356_p.gif",
    "place": "엑스코 동관 6홀",
    "period": "2023.09.16 ~2023.09.17",
    "price": "132,000원",
    "detail": "https://ticketimage.interpark.com/Play/image/etc/23/23011356-02.jpg"
  },
  {
    "id": "1010",
    "ranking": 10,
    "title": "2023 성시경 with friends ［자, 오늘은］",
    "bannerUrl": "",
    "url": "https://ticketimage.interpark.com/Play/image/large/23/23010177_p.gif",
    "place": "KSPO DOME",
    "period": "2023.09.02 ~2023.09.03",
    "price": "132,000",
    "detail": "https://ticketimage.interpark.com/Play/image/etc/23/23010177-02.jpg"
  },
  {
    "id": "1101",
    "ranking": 1,
    "title": "<뮤지컬> 레베카",
    "bannerUrl": "https://tickets.interpark.com/_next/image?url=http%3A%2F%2Fticketimage.interpark.com%2FTCMS3.0%2FNMain%2FBbannerPC%2F2308%2F230807042429_23008837.gif&w=1920&q=75",
    "smallBannerUrl": "https://tickets.interpark.com/_next/image?url=http%3A%2F%2Fticketimage.interpark.com%2FTCMS3.0%2FNMain%2FBbannerMO%2F2308%2F230807042532_23008837.gif&w=750&q=75",
    "url": "https://ticketimage.interpark.com/Play/image/large/23/23008837_p.gif",
    "place": "블루스퀘어 신한카드홀",
    "period": "2023.08.19 ~ 2023.11.19",
    "price": "110,000원",
    "detail": "https://ticketimage.interpark.com/Play/ITM/Data/Modify/2023/7/2023070410555421.jpg"
  },
  {
    "id": "1102",
    "ranking": 2,
    "title": "<뮤지컬> 모자르트",
    "bannerUrl": "https://tickets.interpark.com/_next/image?url=http%3A%2F%2Fticketimage.interpark.com%2FTCMS3.0%2FNMain%2FBbannerPC%2F2308%2F230807015623_P0003461.gif&w=1920&q=75",
    "smallBannerUrl": "https://tickets.interpark.com/_next/image?url=http%3A%2F%2Fticketimage.interpark.com%2FTCMS3.0%2FNMain%2FBbannerMO%2F2308%2F230807015724_P0003461.gif&w=384&q=75",
    "url": "https://ticketimage.interpark.com/Play/image/large/P0/P0003461_p.gif",
    "place": "세종문화회관 대극장",
    "period": "2023.06.15 ~ 2023.08.22",
    "price": "100,000원",
    "detail": "https://ticketimage.interpark.com/Play/ITM/Data/Modify/2023/7/2023071111531181.jpg"
  },
  {
    "id": "1103",
    "ranking": 3,
    "title": "<뮤지컬> 시스터즈",
    "bannerUrl": "https://tickets.interpark.com/_next/image?url=http%3A%2F%2Fticketimage.interpark.com%2FTCMS3.0%2FNMain%2FBbannerPC%2F2308%2F230811090240_23009689.gif&w=1920&q=75",
    "url": "https://ticketimage.interpark.com/Play/image/large/23/23009689_p.gif",
    "smallBannerUrl": "https://tickets.interpark.com/_next/image?url=http%3A%2F%2Fticketimage.interpark.com%2FTCMS3.0%2FNMain%2FBbannerMO%2F2308%2F230807015938_23009689.gif&w=750&q=75",
    "place": "홍익대 대학로 아트센터 대극장",
    "period": "2023.09.03 ~ 2023.11.12",
    "price": "90,000원",
    "detail": "https://ticketimage.interpark.com/Play/ITM/Data/Modify/2023/7/2023072710394063.jpg"
  },
  {
    "id": "1104",
    "ranking": 4,
    "title": "<뮤지컬> 태양의서커스루치아",
    "bannerUrl": "https://tickets.interpark.com/_next/image?url=http%3A%2F%2Fticketimage.interpark.com%2FTCMS3.0%2FNMain%2FBbannerPC%2F2308%2F230809090920_23008707.gif&w=1920&q=75",
    "url": "https://ticketimage.interpark.com/Play/image/large/23/23008707_p.gif",
    "smallBannerUrl": "https://tickets.interpark.com/_next/image?url=http%3A%2F%2Fticketimage.interpark.com%2FTCMS3.0%2FNMain%2FBbannerMO%2F2308%2F230809091111_23008707.gif&w=750&q=75",
    "place": "잠실종합운동장 내 빅탑",
    "period": "2023.10.25 ~2023.12.03",
    "price": "190,000원",
    "detail": "https://ticketimage.interpark.com/Play/ITM/Data/Modify/2023/7/2023070715592771.jpg"
  },
  {
    "id": "1105",
    "ranking": 5,
    "title": "<뮤지컬> 곤 투모로우",
    "bannerUrl": "https://tickets.interpark.com/_next/image?url=http%3A%2F%2Fticketimage.interpark.com%2FTCMS3.0%2FNMain%2FBbannerPC%2F2308%2F230810095937_23008578.gif&w=1920&q=75",
    "url": "https://ticketimage.interpark.com/Play/image/large/23/23008578_p.gif",
    "smallBannerUrl": "https://tickets.interpark.com/_next/image?url=http%3A%2F%2Fticketimage.interpark.com%2FTCMS3.0%2FNMain%2FBbannerMO%2F2308%2F230810101832_23008578.gif&w=750&q=75",
    "place": "광림아트센터 BBCH홀(자세히)",
    "period": "2023.08.10 ~2023.10.22",
    "price": "110,000원",
    "detail": "https://ticketimage.interpark.com/Play/ITM/Data/Modify/2023/8/2023080815405969.jpg"
  },
  {
    "id": "1106",
    "ranking": 6,
    "title": "<뮤지컬> 렛미플라이",
    "bannerUrl": "",
    "url": "https://ticketimage.interpark.com/Play/image/large/23/23010646_p.gif",
    "smallBannerUrl": "",
    "place": "예스24스테이지 1관(자세히)",
    "period": "2023.09.26 ~2023.12.10",
    "price": "77,000원",
    "detail": "https://ticketimage.interpark.com/Play/ITM/Data/Modify/2023/8/2023081714013588.jpg"
  },
  {
    "id": "1107",
    "ranking": 7,
    "title": "<뮤지컬> 위윌락유",
    "bannerUrl": "",
    "url": "https://ticketimage.interpark.com/Play/image/large/23/23011687_p.gif",
    "smallBannerUrl": "",
    "place": "더굿씨어터(자세히)",
    "period": "2023.09.22 ~2023.12.31",
    "price": "88,000원",
    "detail": "https://ticketimage.interpark.com/Play/ITM/Data/Modify/2023/8/2023082117142735.jpg"
  },
  {
    "id": "1108",
    "ranking": 8,
    "title": "<뮤지컬> 미디어아트 뮤지컬 파랑새",
    "bannerUrl": "",
    "url": "https://ticketimage.interpark.com/Play/image/large/23/23011475_p.gif",
    "smallBannerUrl": "",
    "place": "용인포은아트홀",
    "period": "2023.10.14",
    "price": "20,000원",
    "detail": "https://ticketimage.interpark.com/Play/image/etc/23/23011475-01.jpg"
  },
  {
    "id": "1109",
    "ranking": 9,
    "title": "<뮤지컬> 문스토리",
    "bannerUrl": "",
    "url": "https://ticketimage.interpark.com/Play/image/large/23/23011433_p.gif",
    "smallBannerUrl": "",
    "place": "드림아트센터 4관",
    "period": "2023.09.26 ~2023.12.10",
    "price": "66,000원",
    "detail": "https://ticketimage.interpark.com/230114332023/08/21/d945b370.jpg"
  },
  {
    "id": "1110",
    "ranking": 10,
    "title": "<뮤지컬> 멤피스",
    "bannerUrl": "",
    "url": "https://ticketimage.interpark.com/Play/image/large/23/23007154_p.gif",
    "smallBannerUrl": "",
    "place": "충무아트센터 대극장",
    "period": "2023.07.20 ~2023.10.22",
    "price": "100,000원",
    "detail": "https://ticketimage.interpark.com/Play/ITM/Data/Modify/2023/7/2023071116224408.jpg"
  },
  {
    "id": "1201",
    "ranking": 1,
    "title": "연극 〈테베랜드〉",
    "bannerUrl": "",
    "url": "https://ticketimage.interpark.com/Play/image/large/23/23006433_p.gif",
    "place": "충무아트센터 중극장 블랙",
    "period": "2023.06.28 ~2023.09.24",
    "price": "66,000원",
    "detail": "https://ticketimage.interpark.com/Play/image/etc/23/23006433-19.jpg"
  },
  {
    "id": "1202",
    "ranking": 2,
    "title": "연극 〈2시22분 - A GHOST STORY〉",
    "bannerUrl": "",
    "url": "https://ticketimage.interpark.com/Play/image/large/23/23006686_p.gif",
    "place": "세종문화회관 M씨어터",
    "period": "2023.07.19 ~2023.09.02",
    "price": "90,000원",
    "detail": "https://ticketimage.interpark.com/Play/image/etc/23/23006686-13.jpg"
  },
  {
    "id": "1203",
    "ranking": 3,
    "title": "대학로 1위 연극 〈쉬어매드니스〉",
    "bannerUrl": "",
    "url": "https://ticketimage.interpark.com/Play/image/large/19/19018229_p.gif",
    "place": "콘텐츠박스(KONTENTZ BOX)",
    "period": "2015.11.12 ~오픈런",
    "price": "40,000원",
    "detail": "https://ticketimage.interpark.com/Play/image/etc/23/19018229-269.jpg"
  },
  {
    "id": "1204",
    "ranking": 4,
    "title": "연극 〈3일간의 비〉",
    "bannerUrl": "",
    "url": "https://ticketimage.interpark.com/Play/image/large/23/23007658_p.gif",
    "place": "이해랑예술극장",
    "period": "2023.07.25 ~2023.10.01",
    "price": "70,000원",
    "detail": "https://ticketimage.interpark.com/Play/image/etc/23/23007658-12.jpg"
  },
  {
    "id": "1205",
    "ranking": 5,
    "title": "행오버",
    "bannerUrl": "",
    "url": "https://ticketimage.interpark.com/Play/image/large/23/23005704_p.gif",
    "place": "정극장",
    "period": "2023.05.01 ~2023.09.30",
    "price": "40,000원",
    "detail": "https://ticketimage.interpark.com/Play/image/etc/23/23005704-17.jpg"
  },
  {
    "id": "1206",
    "ranking": 6,
    "title": "연극 〈라스트 세션〉",
    "bannerUrl": "",
    "url": "https://ticketimage.interpark.com/Play/image/large/23/23007040_p.gif",
    "place": "대학로 TOM(티오엠) 1관",
    "period": "2023.07.08 ~2023.09.10",
    "price": "66,000원",
    "detail": "https://ticketimage.interpark.com/Play/image/etc/23/23007040-14.jpg"
  },
  {
    "id": "1207",
    "ranking": 7,
    "title": "코믹감동 휴먼판타지 연극 〈2호선 세입자〉",
    "bannerUrl": "",
    "url": "https://ticketimage.interpark.com/Play/image/large/21/21013249_p.gif",
    "place": "대학로 바탕골 소극장",
    "period": "2022.01.14 ~2023.10.03",
    "price": "40,000원",
    "detail": "https://ticketimage.interpark.com/Play/image/etc/23/21013249-105.jpg"
  },
  {
    "id": "1208",
    "ranking": 8,
    "title": "좀비연극 오마이갓",
    "bannerUrl": "",
    "url": "https://ticketimage.interpark.com/Play/image/large/23/23004562_p.gif",
    "place": "대학로 오마이갓 전용관",
    "period": "2023.04.11 ~2023.10.03",
    "price": "45,000원",
    "detail": "https://ticketimage.interpark.com/Play/image/etc/23/23004562-03.jpg"
  },
  {
    "id": "1209",
    "ranking": 9,
    "title": "연극 ＇말괄량이？ 길들이기＇",
    "bannerUrl": "",
    "url": "https://ticketimage.interpark.com/Play/image/large/23/23010161_p.gif",
    "place": "성수아트홀",
    "period": "2023.08.19 ~2023.08.27",
    "price": "20,000원",
    "detail": "https://ticketimage.interpark.com/Play/image/etc/23/23010161-06.jpg"
  },
  {
    "id": "1210",
    "ranking": 10,
    "title": "연극 한뼘사이",
    "bannerUrl": "",
    "url": "https://ticketimage.interpark.com/Play/image/large/22/22014277_p.gif",
    "place": "라온아트홀",
    "period": "2017.03.01 ~오픈런",
    "price": "50,000원",
    "detail": "https://ticketimage.interpark.com/Play/image/etc/23/22014277-42.jpg"
  }
]
